{"stats":{"minecraft:mined":{"minecraft:grass":2,"minecraft:vine":1,"minecraft:melon":3,"minecraft:cocoa":6,"minecraft:oak_leaves":1},"minecraft:picked_up":{"minecraft:cocoa_beans":14,"minecraft:stick":1,"qualitycrops:cocoa_beans_iron":1,"minecraft:melon_slice":14,"minecraft:wheat_seeds":1},"minecraft:custom":{"minecraft:jump":35,"minecraft:leave_game":1,"minecraft:time_since_rest":1,"minecraft:deaths":1,"minecraft:sprint_one_cm":4974,"minecraft:play_time":2619,"minecraft:damage_taken":265,"minecraft:time_since_death":405,"minecraft:walk_one_cm":16703,"minecraft:climb_one_cm":696,"minecraft:total_world_time":2619,"minecraft:fall_one_cm":1449,"minecraft:fly_one_cm":215},"minecraft:killed_by":{"minecraft:husk":1}},"DataVersion":3465}