{"stats":{"minecraft:used":{"alexsmobs:animal_dictionary":5},"minecraft:mined":{"minecraft:wheat":1,"minecraft:potatoes":2,"minecraft:cocoa":1,"minecraft:carrots":2},"minecraft:picked_up":{"minecraft:cocoa_beans":3,"minecraft:wheat":1,"minecraft:carrot":6,"minecraft:wheat_seeds":3,"minecraft:potato":8,"qualitycrops:carrot_iron":1},"minecraft:custom":{"minecraft:jump":60,"minecraft:time_since_rest":6877,"minecraft:leave_game":1,"minecraft:damage_taken":30,"minecraft:sprint_one_cm":15917,"minecraft:play_time":6877,"minecraft:time_since_death":6877,"minecraft:walk_one_cm":30291,"minecraft:climb_one_cm":3124,"minecraft:total_world_time":6877,"minecraft:fall_one_cm":739,"minecraft:fly_one_cm":1092}},"DataVersion":3465}